path,chunk,bytes,sha256,lines,classes,functions,review,spec_ids
.gitattributes,01 Packaging and identity,43,745a997b266d1419db393f9fddd9a5f098c3d361215663584b6e0f575c486646,1,0,0,inventory and content classification,
.github/CODEOWNERS,02 CI and governance,25,1190156e837091f5fbbdb46370894376a3608193f69801aea63e34b111ed0a85,1,0,0,inventory and content classification; focused review with cited finding,F03
.github/ISSUE_TEMPLATE.md,02 CI and governance,2191,a743dc7cc8f7062bbbad97fea40d4a8bb1b3bc454c62be19f971679c3db301e5,72,0,0,inventory and content classification,
.github/ISSUE_TEMPLATE/bug_report.md,02 CI and governance,1396,a167ce59ccbe720866a4dfa0d7d16473e333b5742369bdccb2a06d678f7e562b,47,0,0,inventory and content classification,
.github/ISSUE_TEMPLATE/config.yml,02 CI and governance,323,f68af0e667cf297b578db8c1a778f6d9308f4be2c666658e3784fd5550b1c573,8,0,0,inventory and content classification,
.github/ISSUE_TEMPLATE/feature_request.md,02 CI and governance,497,1dee1738b950f0c65bd05a826fdb844ef06f4d75354e5e3c83b3c8608318a9ed,18,0,0,inventory and content classification,
.github/PULL_REQUEST_TEMPLATE.md,02 CI and governance,2287,0eb488d7f80f33d52109f12f171bceacce857c7763ff8fc15d4f3fff5d766c24,61,0,0,inventory and content classification,
.github/workflows/cd.yml,02 CI and governance,5917,9755f2f83dfbdaf6ad13a449f177e964807fd68aedb6f125c397156728ba46be,197,0,0,inventory and content classification; focused review with cited finding,F03
.github/workflows/ci.yml,02 CI and governance,2068,aaea94f4db7382d0352e3cfc8758912182e402b05b7a630c20aff761f247dc44,85,0,0,inventory and content classification; focused review with cited finding,F04
.github/workflows/codacy_coverage_reporter.yml,02 CI and governance,851,4c69d816030b250af6374f8f7ce6f9e23ea4cc2ea61cd19f84ecd50866da4f9f,29,0,0,inventory and content classification,
.github/workflows/issues.yml,02 CI and governance,850,28256a98af5e1f2d8d531e5f5245d9f0114994b75829fc72c91b91b55c23ab15,34,0,0,inventory and content classification,
.gitignore,01 Packaging and identity,2031,ae153d0ab66fe6beafdbd9a2f0ed781bbe20d0d6e3801f613cfcd485f98fa3fd,149,0,0,inventory and content classification,
.gitmodules,01 Packaging and identity,0,e3b0c44298fc1c149afbf4c8996fb92427ae41e4649b934ca495991b7852b855,0,0,0,inventory and content classification,
LICENSE,01 Packaging and identity,333,505356d25f8eb911783e12b0d8800f9a60a0e6f6e534b32f14ca57e418dc5296,10,0,0,inventory and content classification; focused review with cited finding,F01
README.md,01 Packaging and identity,10091,a018fbf623241250d7b847f5cbb6a4329e112e8a98f0b17036b773d11d1e9fff,237,0,0,inventory and content classification; focused review with cited finding,F01
poetry.lock,01 Packaging and identity,333993,778505b19e723b2e4bd5088ed3a6288c2ea964ce1cea4453483a2d0ac86407d7,4144,0,0,inventory and content classification,
pyproject.toml,01 Packaging and identity,4824,b5e07902c61d699f2ea977d3c24ef5a8ce4f16b2c4b60045243f8a506a5b1ef9,184,0,0,inventory and content classification; focused review with cited finding,F01 F02 F04
src/lava/frameworks/loihi2.py,03 Core API,610,e1060dbd8bf0a2f514ecbb2ea7bdf4675993e089ae03e84af1f75c21ae8d4eea,14,0,0,AST and structural risk scan,
src/lava/magma/compiler/LICENSE,04 Compiler,26529,a1a33180d02960ab1c5de36cf20b1a2f0fe9888d83826ad263da5db52f1b183b,511,0,0,inventory and content classification,
src/lava/magma/compiler/builders/channel_builder.py,04 Compiler,11771,d5cdfa151391250e7c929b854df3256cb9ff42839ec13338f250d9e5a3a6c1c6,326,6,7,AST and structural risk scan,
src/lava/magma/compiler/builders/interfaces.py,04 Compiler,4210,22cffa5f5bdad9dffb1136bd2e3d800b45215f2ed5caf8b4289ff06f3543b558,152,7,9,AST and structural risk scan,
src/lava/magma/compiler/builders/py_builder.py,04 Compiler,15815,d0230c368d4f008346c691f73d3afa7cb97b7d6cab2ce06067c52e6c7a786ba0,427,1,11,AST and structural risk scan,
src/lava/magma/compiler/builders/runtimeservice_builder.py,04 Compiler,4937,5fd97a98916c9d9369e3b26e98ec6762501f1c4fc13ec9f34ce74973091d3c0e,141,2,5,AST and structural risk scan,
src/lava/magma/compiler/channel_map.py,04 Compiler,8574,b12b3688b51d003bdd75eb1f72e9e20f6f46a94ad1915c69ec2dd85fc15188f3,207,3,13,AST and structural risk scan,
src/lava/magma/compiler/channels/interfaces.py,06 Channels,1435,143f31d6b88386426658959768fcfc3504464fe77b4c67a6c83ff44413f09303,82,5,11,AST and structural risk scan,
src/lava/magma/compiler/channels/pypychannel.py,06 Channels,11958,298a2665c27445cade8f29f3c3c29dda8dc8fd29827a2b2f5b73c7fa0acf22a1,405,6,30,AST and structural risk scan; focused review with cited finding,F16
src/lava/magma/compiler/channels/watchdog.py,06 Channels,6593,623a604e7c034929d8f376bbadae6ed76ba5882df62dc0e7559a79c49c00bc98,222,9,25,AST and structural risk scan; focused review with cited finding,F17
src/lava/magma/compiler/compiler.py,04 Compiler,39009,d5a1f719aecdcffb1b5f4fb6017eaf55ff9a6387b53000f8b2a712fc39892022,889,7,15,AST and structural risk scan; focused review with cited finding,F05 F09 F10
src/lava/magma/compiler/compiler_graphs.py,04 Compiler,46168,f920a11542ad5471d04dec4495eacb07879aae1074668d3df7aec697f7093aab,1143,8,32,AST and structural risk scan; focused review with cited finding,F09 F11
src/lava/magma/compiler/compiler_utils.py,04 Compiler,1550,14ddbc1b19b2a28fc464e251f316b95f29590d80f691ea8ebdc205b1655519c1,42,2,1,AST and structural risk scan,
src/lava/magma/compiler/exceptions.py,04 Compiler,573,cf47a6dc43afef0298ad5e8c9fad8ec38d43dbdaed0ef4da32b4ef340e7995e3,18,2,2,AST and structural risk scan,
src/lava/magma/compiler/executable.py,04 Compiler,1980,b712d92922c7c7c19dbe13e182f540bbd763b3ade109dec5db1218f0c852aff0,50,1,1,AST and structural risk scan,
src/lava/magma/compiler/mappable_interface.py,04 Compiler,721,dd08ff0cdb9769b6e37beba97a7b0ad45025699d3d3b8af1372ca8db432bde5e,30,1,2,AST and structural risk scan,
src/lava/magma/compiler/mapper.py,04 Compiler,7767,bd0d5142bb60fda8f74bd88a59db9c11622dda1ad97848d8c07b7696142fe610,173,3,3,AST and structural risk scan,
src/lava/magma/compiler/node.py,04 Compiler,2269,d01da5fa3dd6efa1c42e14f57a9a5f2a44d38c554580f4f4f3fd2f9a931c29ce,73,2,8,AST and structural risk scan,
src/lava/magma/compiler/subcompilers/address.py,04 Compiler,514,3dbe9238f5bf921114e1b8e66e34b43cee466aae9f0a378680079243fd99348b,24,2,0,AST and structural risk scan,
src/lava/magma/compiler/subcompilers/channel_builders_factory.py,04 Compiler,12294,1501744c736cec832b62e54ea59825d72ffb8e885ab7de2005cf2975dce8c5f1,295,3,8,AST and structural risk scan,
src/lava/magma/compiler/subcompilers/channel_map_updater.py,04 Compiler,2390,930adbc76dd03a43ef1034d3355fe9833a7596ee5ca4f9e491abe230d5d4bf54,62,1,8,AST and structural risk scan,
src/lava/magma/compiler/subcompilers/constants.py,04 Compiler,723,79c00dd4d53c8f0f87684c931c78a31f95547b2b2c1ad6c86afaa83be4ae9f36,24,1,0,AST and structural risk scan,
src/lava/magma/compiler/subcompilers/exceptions.py,04 Compiler,769,daf5f97d4b6908079e9bd156fc47c163214b370af321d75f3c1362a69ea14eee,22,1,1,AST and structural risk scan,
src/lava/magma/compiler/subcompilers/interfaces.py,04 Compiler,2060,966136f142fc04f24c349b5e38f2f9fab54773fc2c3a97ff26f02786b954d5e5,59,2,5,AST and structural risk scan,
src/lava/magma/compiler/subcompilers/py/pyproc_compiler.py,04 Compiler,11306,0071ae67f0d9079856a1c09185f77f2a959f15fbad90713c7ef660f050f5163b,295,4,17,AST and structural risk scan; focused review with cited finding,F08
src/lava/magma/compiler/utils.py,04 Compiler,4408,466bdba84e96c9acb6822587fee544308aafe09b80b224f48491776802f2bfdd,156,13,2,AST and structural risk scan,
src/lava/magma/compiler/var_model.py,04 Compiler,7599,3b8acb73dc3ff38d159065aa0339b90f371f99f162e68d10a3117afbd916afa8,282,23,5,AST and structural risk scan,
src/lava/magma/core/LICENSE,03 Core API,1525,2fc72aaf20ab062a8f6686da676f75dad6d4927b3bc2bb234b32612bd89861c5,29,0,0,inventory and content classification,
src/lava/magma/core/callback_fx.py,03 Core API,2620,aff427ad976c490cc6f761bdfaf5d765d586fc3b1932e197b945be86601e0338,86,4,9,AST and structural risk scan,
src/lava/magma/core/decorator.py,03 Core API,6408,98017726abb27e612967f659729b5be2307386fac520b27fcd5b8b9e4175ad4d,168,0,6,AST and structural risk scan,
src/lava/magma/core/learning/constants.py,07 Learning,2046,83e9a88ee9b6cbdc7f194afb9bc1be3536c5d65c03f424291319f70eea72481e,96,1,0,AST and structural risk scan,
src/lava/magma/core/learning/learning_rule.py,07 Learning,23198,769deb9ecd2114d2bfc2f03307f0d7ccf092fba8efff74e7c7657f825a7fafdf,751,3,48,AST and structural risk scan; focused review with cited finding,F18
src/lava/magma/core/learning/learning_rule_applier.py,07 Learning,12270,8f385cbcc6c5a4031fbe989703a4b2bf1d4042e3c9d61ae72ced400311468ca5,328,3,8,AST and structural risk scan; focused review with cited finding,F19
src/lava/magma/core/learning/product_series.py,07 Learning,23302,1477a2fb752477e57465b263daa3075d91c8c81f201bb06446ad33194a624462,750,3,30,AST and structural risk scan; focused review with cited finding,F19
src/lava/magma/core/learning/random.py,07 Learning,4603,2282b5f0c3ac5a3157c7117905db3d3934bf5b83d83649158e8e2b4df66b823c,139,3,11,AST and structural risk scan; focused review with cited finding,F18
src/lava/magma/core/learning/string_symbols.py,07 Learning,685,43b870e8c6bf620593b615bb13e7b6a8474feb15d845e064d6d02c75c0cc9854,44,0,0,AST and structural risk scan,
src/lava/magma/core/learning/symbolic_equation.py,07 Learning,23794,d593823376bbf7e26b87d660a6b115829d6b307309dd8039e2b4c19cca2ef2c8,885,17,55,AST and structural risk scan; focused review with cited finding,F19
src/lava/magma/core/learning/utils.py,07 Learning,2125,d056c72133a296cda1a1561fdbfed758985018b8ded75f924d0ce1ee2cf0b79d,78,0,3,AST and structural risk scan,
src/lava/magma/core/model/interfaces.py,03 Core API,1071,534c0c7631ef6ef64e51a46c37349a879e926b9d11dbadc563552486837ec91b,39,1,5,AST and structural risk scan,
src/lava/magma/core/model/model.py,03 Core API,5193,b3555a4d2fbdef18b9c132e59f43e05b5567dbfbb8343b2ec1f982387f5b4064,107,1,2,AST and structural risk scan,
src/lava/magma/core/model/py/connection.py,03 Core API,54845,7d8896ac0b8cf17b71148c8e6c47d1d9c3179c98fbc8a106e31a44d4c712fcf6,1566,4,54,AST and structural risk scan,
src/lava/magma/core/model/py/model.py,03 Core API,26541,4ca5dcfa1e347171cb12925d34c10d6b16ec560defb1be3cb3c091324939fd79,777,6,44,AST and structural risk scan; focused review with cited finding,F12 F32
src/lava/magma/core/model/py/neuron.py,03 Core API,3100,efad808d5aae4d0f3430fa758a410d8b2bae69c2e7cc1dbf44b525fb347b2112,105,3,3,AST and structural risk scan,
src/lava/magma/core/model/py/ports.py,03 Core API,36582,9e0b2079d166aaa1a3ac7b4d268b5d07dc97ce4f871dad15b01058f226694150,1015,27,54,AST and structural risk scan,
src/lava/magma/core/model/py/type.py,03 Core API,458,c45d9b517dfa0298a3a899209045ebab44b0469de869d0065c77dc2a0eec8187,16,1,0,AST and structural risk scan,
src/lava/magma/core/model/spike_type.py,03 Core API,352,1db326a7dd0ee1f4fe4398c8796d8223cff29246d1b0629e276714de912a1e58,16,1,0,AST and structural risk scan,
src/lava/magma/core/model/sub/model.py,03 Core API,2914,03b0522780fd94a6fcce1e157c6ff793221e833660e23f19c94482c406d814fe,71,1,2,AST and structural risk scan,
src/lava/magma/core/process/connection.py,03 Core API,3781,1d91f0c7f6712f1cee459231705caab35f80e6fbd6ce6b50f25bae66b4c7ee70,108,1,1,AST and structural risk scan,
src/lava/magma/core/process/interfaces.py,03 Core API,2285,a84d30d3ae13e126fe5d8066b6e2a74060b109a3b23e1d9062157c95bce9e47a,79,2,10,AST and structural risk scan; focused review with cited finding,F06
src/lava/magma/core/process/message_interface_enum.py,03 Core API,194,634d787b5fba8d2dd366c01718be46979068c367bc8d28359b79c4ce2279b332,9,1,0,AST and structural risk scan,
src/lava/magma/core/process/neuron.py,03 Core API,1690,ecc6bce57a27ef2a430994150852e1b9e343427d07cf33795c5a5500e283d792,59,1,1,AST and structural risk scan,
src/lava/magma/core/process/ports/connection_config.py,03 Core API,1841,7e908bc8d98fc6f4316377509ad54021d162a0f7111827b21c55d7f68d1815ac,60,4,0,AST and structural risk scan,
src/lava/magma/core/process/ports/exceptions.py,03 Core API,2763,160cc9b448ed568a91467f672e30485c0e4ac9872d0c5bcb293ccefb46d1240b,90,7,7,AST and structural risk scan,
src/lava/magma/core/process/ports/ports.py,03 Core API,42320,176f546874deb3d105cee79099d8926847f9d79da01039adf5ec385c27eec282,1023,14,51,AST and structural risk scan,
src/lava/magma/core/process/ports/reduce_ops.py,03 Core API,439,df920624fafcc082ef5e30022a41a64adf3eca2ea321fe8af3f77a8078c2cc75,15,2,0,AST and structural risk scan,
src/lava/magma/core/process/process.py,03 Core API,25959,d82fa58af871ced861a85e7aadaaf17d0e19b0bff6fe7aae43b7e3536ef7226a,653,6,53,AST and structural risk scan; focused review with cited finding,F05 F07 F15 F32
src/lava/magma/core/process/variable.py,03 Core API,9145,f3915bdb0ba6e026b3e13375a9a302281fc0eabd5362261ed3ab09e7e493b46a,231,2,13,AST and structural risk scan; focused review with cited finding,F07
src/lava/magma/core/resources.py,03 Core API,3605,da1281c9f7bef934ee7c6bc77abd081a482fba2d8bc4cc4bb0de9dbf4947daf4,132,26,0,AST and structural risk scan,
src/lava/magma/core/run_conditions.py,03 Core API,1502,1518b004e4bd0e168327e8d50567a7496b2fec2974b4dbb50b8d83d771aadabc,51,3,3,AST and structural risk scan; focused review with cited finding,F06
src/lava/magma/core/run_configs.py,03 Core API,22435,0f2ee2902d2c32ab4ccb3f38d65b81a8158a45200f931dad1e1d703a57c1a966,479,10,16,AST and structural risk scan; focused review with cited finding,F11
src/lava/magma/core/sync/domain.py,03 Core API,1506,8131e27960b49c525cbff9139ab6c1ef7c84e5e10db3211dec0800e1123dedb3,51,1,3,AST and structural risk scan,
src/lava/magma/core/sync/protocol.py,03 Core API,1107,2912794dd16e0f2845f600e2e9171771e229c96870f61b7a36db6dcd27feec1a,33,1,1,AST and structural risk scan,
src/lava/magma/core/sync/protocols/async_protocol.py,03 Core API,1523,f89a2976057758aff4b297dff38fb234213353ac937926f7b59d617c4ad42f6e,47,1,1,AST and structural risk scan,
src/lava/magma/core/sync/protocols/loihi_protocol.py,03 Core API,4386,5fb3e69e557d4310fb346ee813b6866c428ac955771d7996df9c39829eb3fd17,134,3,1,AST and structural risk scan,
src/lava/magma/runtime/LICENSE,05 Runtime,26529,a1a33180d02960ab1c5de36cf20b1a2f0fe9888d83826ad263da5db52f1b183b,511,0,0,inventory and content classification,
src/lava/magma/runtime/message_infrastructure/factory.py,05 Runtime,718,48ca94691ebd681215f5f1d33ab415bee9e5f970bbb49ed75e31a91cb2e0b681,20,1,1,AST and structural risk scan,
src/lava/magma/runtime/message_infrastructure/message_infrastructure_interface.py,05 Runtime,1635,482661db8a3a837daedc2c1d79c25ddcc55c5107c77b41af07da4bf2314dc3a6,45,1,5,AST and structural risk scan,
src/lava/magma/runtime/message_infrastructure/multiprocessing.py,05 Runtime,4870,d86bd3b40edf9584280ac34d502dc07da5f73300ac6f7ec705de56edf0c64b0f,148,6,11,AST and structural risk scan; focused review with cited finding,F12 F13
src/lava/magma/runtime/message_infrastructure/nx.py,05 Runtime,1400,83aed5fc898ef8163bfb252607415bcac541cacc228104ade88659f23617ef20,40,1,5,AST and structural risk scan,
src/lava/magma/runtime/message_infrastructure/shared_memory_manager.py,05 Runtime,1005,0b747f476fbb95a555ff41be5607967daf603f29728dd25449b6ec8bb289b26a,31,1,4,AST and structural risk scan; focused review with cited finding,F13
src/lava/magma/runtime/mgmt_token_enums.py,05 Runtime,2440,a9108feddbcd7e0f9c09ebbd6e2c46b61a596bbdc55971c4bce987278ad4bf70,75,2,2,AST and structural risk scan,
src/lava/magma/runtime/runtime.py,05 Runtime,26741,65b2b2dbb9f14bffef6e1e97dbb4b48305fd45e75a03cd6bb5d908ea91bf8efe,627,1,25,AST and structural risk scan; focused review with cited finding,F13 F14 F15
src/lava/magma/runtime/runtime_services/channel_broker/channel_broker.py,05 Runtime,8253,ee29c401756d07c4cdeaa2aae6076e86dfc5adea9c2009f9450d9ec2d0936b14,231,9,9,AST and structural risk scan,
src/lava/magma/runtime/runtime_services/enums.py,05 Runtime,1324,ad9de35ac308b03e58e57241f7369f7729679b6739ec7f515c346ac9214efcf2,45,3,0,AST and structural risk scan,
src/lava/magma/runtime/runtime_services/interfaces.py,05 Runtime,1159,f011f77004d4968866b5b3972e910e4e31cd5d66610ae67a5ea91d6d1663ccbe,42,1,5,AST and structural risk scan,
src/lava/magma/runtime/runtime_services/runtime_service.py,05 Runtime,22589,fb83ca0da026817ff021f9b2fc2ad50134cf3e2fdd4d819905356490f6c7a746,525,6,22,AST and structural risk scan,
src/lava/networks/gradedvecnetwork.py,09 IO and networks,9635,5cecc210db434647a88ac81ca1206bc4424768d9feff30c20b5c2474106248c7,324,8,12,AST and structural risk scan; focused review with cited finding,F24
src/lava/networks/network.py,09 IO and networks,4781,d1cfb3c98277f39e0145a3f58cf3850f671e0492da3327eab5dc108d6515e221,154,4,8,AST and structural risk scan; focused review with cited finding,F24 F32
src/lava/networks/resfire.py,09 IO and networks,1514,f827b282832f5a0e16d90e4b7d33c78e95fd8139120a1aa959215c18f9b38ed3,45,1,2,AST and structural risk scan,
src/lava/proc/LICENSE,08 Process library,1525,2fc72aaf20ab062a8f6686da676f75dad6d4927b3bc2bb234b32612bd89861c5,29,0,0,inventory and content classification,
src/lava/proc/atrlif/models.py,08 Process library,11518,ec9cb72afbe7f72e823555aba47196092f88b98d68b730c104064439df6247f1,267,2,10,AST and structural risk scan; focused review with cited finding,F23
src/lava/proc/atrlif/process.py,08 Process library,5054,131565cf0f4f0908b84799fc09aa4435f075af15811eb6d2fe36bfc34f6535ed,138,1,1,AST and structural risk scan,
src/lava/proc/bit_check/models.py,08 Process library,3904,b8630a0c2f9c8fd7e9989fb1a0ad004ff57e1cd7622d59e8ad80b4ca9577bb35,117,3,6,AST and structural risk scan,
src/lava/proc/bit_check/process.py,08 Process library,3031,df7903bb756c6b3b3f369e25706104195b8861bd918e84748aa1a392353911e1,93,1,4,AST and structural risk scan,
src/lava/proc/clp/id_broadcast/models.py,08 Process library,1140,826a350690d63fc00bfde9015ed387960e83fec69e1ca6e19b9e67eae9d14a1f,32,1,1,AST and structural risk scan,
src/lava/proc/clp/id_broadcast/process.py,08 Process library,1146,be3a5193e77d20d354250f8bd7c8daa0b68aecfa4ec1369c20e64a23e8c184ec,34,1,1,AST and structural risk scan,
src/lava/proc/clp/novelty_detector/models.py,08 Process library,2648,4adaf28a1ebeee0f13a00c10ad27dc7effebac4a0028a945fafad3463598b6ac,71,1,2,AST and structural risk scan,
src/lava/proc/clp/novelty_detector/process.py,08 Process library,1710,179698f3333db1ee0f2dd022bf2d405fcdbdba52046a58bd9288c25f49da9b2f,44,1,1,AST and structural risk scan,
src/lava/proc/clp/nsm/models.py,08 Process library,6473,ce94201ebf3a90a584997d4355a6c7d9094539864296bf1912bffc00167064af,149,2,3,AST and structural risk scan; focused review with cited finding,F23
src/lava/proc/clp/nsm/process.py,08 Process library,3648,5fbf2d3724a4c879eb0f4cdfbe23ba0602a7a384a80a4b9349ef91c9057f8270,88,2,2,AST and structural risk scan,
src/lava/proc/clp/prototype_lif/models.py,08 Process library,4781,e63735555a3579b6e47d39c0dfd45f4f439bfff38bb4d0ac359d39eda29fdacb,117,1,4,AST and structural risk scan,
src/lava/proc/clp/prototype_lif/process.py,08 Process library,1750,0d010c6f9754575f9ed26702bb8f6bf19a98ced1e0417d948f0fd9854d486dc1,52,1,1,AST and structural risk scan,
src/lava/proc/conv/models.py,08 Process library,2946,d5672836b15765424d9b61b0830edf33ecd0c787e30ab4bbde77ee486f3fdd4f,79,3,3,AST and structural risk scan,
src/lava/proc/conv/process.py,08 Process library,5954,34c851409f88ff82d6121de70f23a1455095906b6512d5cc1a3679698d8f8622,145,1,4,AST and structural risk scan,
src/lava/proc/conv/utils.py,08 Process library,16220,5f7492485db56b7658992449f87f15f36daeb91ff28ad614e03614bdfebb2d61,491,1,14,AST and structural risk scan,
src/lava/proc/conv_in_time/models.py,08 Process library,4146,0e0757c44591af1567049cd45f39b9ba5f1b57dd8b77bd041c7b02f3777b845a,99,3,4,AST and structural risk scan; focused review with cited finding,F21
src/lava/proc/conv_in_time/process.py,08 Process library,3391,6680d394f81b74fc90007cad19d4ac04203be0580e3f4c15d3427842b260c5ea,86,1,2,AST and structural risk scan,
src/lava/proc/dense/models.py,08 Process library,14951,6015d3453173aa57fae8681e1176320f49d8ea489a2d434649516f823fa82141,352,9,13,AST and structural risk scan,
src/lava/proc/dense/process.py,08 Process library,11632,2101794fdfbc24d6dfabe89d2f1beee0af4f31234d8f3a6da56aa487dc521fa9,277,3,5,AST and structural risk scan; focused review with cited finding,F20
src/lava/proc/graded/models.py,08 Process library,7521,ad9d78e6878d99f9ba444c50faf0246f834abd3c73686fdd54a6faa8c40c1cab,254,7,8,AST and structural risk scan,
src/lava/proc/graded/process.py,08 Process library,5277,6235ca36103fb180034f8cf338e2d8dc53ada0c6353a2d49ed31463baa3fdfcd,197,4,9,AST and structural risk scan,
src/lava/proc/io/__init__.py,09 IO and networks,293,024226923f304428dfcef7edcc7e7b3850708890b344599a2620d771cad8bd2d,8,0,0,AST and structural risk scan,
src/lava/proc/io/dataloader.py,09 IO and networks,7532,de92edbed58072cf63c3eff13d241d03fae9a6ae5c5b679eb367e4f095d9823a,215,10,13,AST and structural risk scan; focused review with cited finding,F25
src/lava/proc/io/encoder.py,09 IO and networks,11595,8f31ba28aa24047afee24132845efce330d8dde769831eed9edc9db94f6af663,295,5,11,AST and structural risk scan,
src/lava/proc/io/extractor.py,09 IO and networks,10034,0fe33c6ee827175e31a5aa6f24994346be3e3039ff569e86038f0bc2343ea0f6,277,5,14,AST and structural risk scan,
src/lava/proc/io/injector.py,09 IO and networks,6333,e926ae5cec559e42a8ae8002d9c637f65d54e0c18f99b2a8ba73b989f68f2a9e,171,3,8,AST and structural risk scan,
src/lava/proc/io/reset.py,09 IO and networks,2740,114c430bdd6141c4d075830de52d2c07377687f7fa16978e4c098b19589384a0,81,4,4,AST and structural risk scan,
src/lava/proc/io/sink.py,09 IO and networks,4831,b5ab5c751bea97e2a4d2dbdc86f9c1b78cbf5c76ac3cb255e6e1b193de4a4092,148,8,7,AST and structural risk scan,
src/lava/proc/io/source.py,09 IO and networks,2020,78f7739e693d0ffa3980afa1a3f6115593005957170da8034a591b8e1e36f741,61,4,2,AST and structural risk scan; focused review with cited finding,F25
src/lava/proc/io/utils.py,09 IO and networks,8266,256b0456eccccbb68adfa081013ad6cad4ea91b14fb2d302ef3653468f0a56ba,282,4,12,AST and structural risk scan; focused review with cited finding,F25
src/lava/proc/learning_rules/r_stdp_learning_rule.py,08 Process library,3083,acb922bea6aecfdfe77eac1c229de76f9f8ddf2e6f425b5da25dda40d347cb16,84,1,1,AST and structural risk scan,
src/lava/proc/learning_rules/stdp_learning_rule.py,08 Process library,1991,8f394bc898321acb95f52cdc96352d48dda9ac0ce4a9a43619a90e81ddc395f0,68,1,1,AST and structural risk scan,
src/lava/proc/lif/models.py,08 Process library,21049,7288bef7f53eee2960b91d5b2f3e47cf589618f0172bb8eb27f09d4e90c39a31,561,11,39,AST and structural risk scan; focused review with cited finding,F23
src/lava/proc/lif/process.py,08 Process library,15487,46926dec8fb47001f2b318ce4aa7e5533227629a2b5669125bdb4e0c89cc3861,418,6,6,AST and structural risk scan,
src/lava/proc/monitor/models.py,08 Process library,2646,f80c5cccdaed1c353180a79d3f6ef3e613c37053f3acbc8c44dc2b783fefc7fe,61,1,3,AST and structural risk scan; focused review with cited finding,F26
src/lava/proc/monitor/process.py,08 Process library,10813,7348617d48543d4976ba23736dc9c54dd61054c19bc6528b6181befec1d69d92,268,1,5,AST and structural risk scan; focused review with cited finding,F26
src/lava/proc/prodneuron/models.py,08 Process library,1413,ae3cac04d18f3d8645b0f6b79d2fd9687d292b4a757fad3e39bb2478115a8a84,38,1,1,AST and structural risk scan,
src/lava/proc/prodneuron/process.py,08 Process library,1382,7cfde7801e430a41915e7c692009fb719e4d29aed63fefbb0a5d2167c4c96158,50,1,2,AST and structural risk scan,
src/lava/proc/receiver/models.py,08 Process library,1074,f1872e6cb635200e0752e899c0b567611ad5bff12ebbc8bcf6b91df179c6cf5f,30,1,1,AST and structural risk scan,
src/lava/proc/receiver/process.py,08 Process library,2038,7baf4887314fbc213b407d2a914869211cdc46c69f19137aedd570499c0be10a,59,2,2,AST and structural risk scan,
src/lava/proc/resfire/models.py,08 Process library,1721,94e057c90cfd5e44233fb2c09154eb316990fcf11d654ef5e93ac4634eb59597,49,1,1,AST and structural risk scan,
src/lava/proc/resfire/process.py,08 Process library,2139,7a53195c69dfb2a9a24ae30c47ed772e5f84153eec3ea742a2afe207401f8473,65,1,2,AST and structural risk scan,
src/lava/proc/rf/models.py,08 Process library,5997,67bd619e7465471517a9cc8e070cbf346abee702f611eb48e700f4608ffcc38a,145,4,8,AST and structural risk scan,
src/lava/proc/rf/process.py,08 Process library,3591,367a38b39d4b9e7d84cf1ac4d08dd093028c41cc979720077fd17fb0a3caae15,88,1,2,AST and structural risk scan,
src/lava/proc/rf_iz/models.py,08 Process library,2464,3d723bb9fa22cdda61c0eab02e807f0c09cb38d5e2445fa8d525165fe081d122,58,2,2,AST and structural risk scan,
src/lava/proc/rf_iz/process.py,08 Process library,181,3bd5212ed0409801bed4065ef34f106f8682854917f15d77806dbc9cbe5af286,9,1,0,AST and structural risk scan,
src/lava/proc/s4d/models.py,08 Process library,8897,016caa0bf473e2838a9297c2e26212487e7d7ce6dbd275466adde63207720a8a,234,4,6,AST and structural risk scan; focused review with cited finding,F22 F32
src/lava/proc/s4d/process.py,08 Process library,8746,535afeb70a2966e26b07885a80bd4ee08ce65077dbfeb562734d5b844e68769a,244,3,5,AST and structural risk scan; focused review with cited finding,F22
src/lava/proc/sdn/models.py,08 Process library,10579,129d9fba8b83ffba8e3ede44186eeb618cdc9ea43f241b0cb86a93edcb313e0a,316,10,12,AST and structural risk scan; focused review with cited finding,F23
src/lava/proc/sdn/process.py,08 Process library,7414,39676df03d29ea67b0aa690d1e0cbecf0986d344c6f3f10439fcf81312bceca4,198,4,6,AST and structural risk scan,
src/lava/proc/sparse/models.py,08 Process library,16020,6849ea7f806e2b48e34d03db12fe2876713c26ce897ddf511e03b0127ae93dbe,372,9,13,AST and structural risk scan,
src/lava/proc/sparse/process.py,08 Process library,12181,916f9bd35df361f5be4849a297ca8e480e8ec8a87a7f983c1f6aee453b3f2a6d,294,3,5,AST and structural risk scan; focused review with cited finding,F20
src/lava/proc/spiker/models.py,08 Process library,1421,fee83e809443cf9a54db39cc05f22d950fc780ce4136a42380ed06aaefd06191,39,1,1,AST and structural risk scan,
src/lava/proc/spiker/process.py,08 Process library,4091,cb2c1e41a49fca7f718cef07f32d2f51f8591013a1b3de542045bdd2f1c2eed4,114,2,3,AST and structural risk scan,
src/lava/utils/LICENSE,10 Utilities,1525,2fc72aaf20ab062a8f6686da676f75dad6d4927b3bc2bb234b32612bd89861c5,29,0,0,inventory and content classification,
src/lava/utils/dataloader/mnist.py,10 Utilities,4360,15f9ffcd68caba81cef7452084f66b795c0353c60d203ed970fe6c16c04e2695,124,1,9,AST and structural risk scan; focused review with cited finding,F29
src/lava/utils/loihi.py,10 Utilities,3973,fd38d5d04b1d4630f07b66768b8ef25cfe9e6554a37481d18c5ecb0bb3bdcac1,123,1,3,AST and structural risk scan,
src/lava/utils/plots.py,10 Utilities,3254,1eea520b85f4f60a6c6e62441cadaca62038110f636a892cc3cb06aa81d24d99,104,0,1,AST and structural risk scan,
src/lava/utils/profiler.py,10 Utilities,1466,248b5f1f24e05315628e0fbe36a07713f552999f66f05cb11704c0e70dfa5ea9,41,1,1,AST and structural risk scan,
src/lava/utils/serialization.py,10 Utilities,4484,1a5ebcd8980c62499f0df9ec50d924f8632f9ed0ca1824854bd9bbf3bf5ea7db,128,1,3,AST and structural risk scan; focused review with cited finding,F27
src/lava/utils/slurm.py,10 Utilities,7010,0746e4f720e482fb3c2de76ce7c66efa5f914a690f73ff9c164dadb84c39ceea,239,2,13,AST and structural risk scan,
src/lava/utils/sparse.py,10 Utilities,772,a138c05aeb928ec19b19823d56e8c72cd557fd80c04bead5084fadee5d9aef93,32,0,1,AST and structural risk scan; focused review with cited finding,F28
src/lava/utils/system.py,10 Utilities,2577,d00c5def7ec5c84b8f86b362d8b96f26b032923caa08534cd65de9163955b9e0,78,2,6,AST and structural risk scan,
src/lava/utils/weightutils.py,10 Utilities,8799,29530e7ffb6638d11704f7022965f081de67908a61b87d1869c82787a8fead83,295,2,7,AST and structural risk scan,
tests/__init__.py,11 Tests and tutorials,0,e3b0c44298fc1c149afbf4c8996fb92427ae41e4649b934ca495991b7852b855,0,0,0,AST and structural risk scan,
tests/lava/__init__.py,11 Tests and tutorials,0,e3b0c44298fc1c149afbf4c8996fb92427ae41e4649b934ca495991b7852b855,0,0,0,AST and structural risk scan,
tests/lava/frameworks/__init__.py,11 Tests and tutorials,0,e3b0c44298fc1c149afbf4c8996fb92427ae41e4649b934ca495991b7852b855,0,0,0,AST and structural risk scan,
tests/lava/frameworks/test_frameworks.py,11 Tests and tutorials,397,ba1cf0767fb29483a674f379373bddcc04e72957dcc3b2ac6e8fb0e4b28845a6,17,1,1,AST and structural risk scan,
tests/lava/magma/__init__.py,11 Tests and tutorials,0,e3b0c44298fc1c149afbf4c8996fb92427ae41e4649b934ca495991b7852b855,0,0,0,AST and structural risk scan,
tests/lava/magma/compiler/__init__.py,11 Tests and tutorials,0,e3b0c44298fc1c149afbf4c8996fb92427ae41e4649b934ca495991b7852b855,0,0,0,AST and structural risk scan,
tests/lava/magma/compiler/builders/__init__.py,11 Tests and tutorials,0,e3b0c44298fc1c149afbf4c8996fb92427ae41e4649b934ca495991b7852b855,0,0,0,AST and structural risk scan,
tests/lava/magma/compiler/builders/test_builder.py,11 Tests and tutorials,21091,8cd6fd98fa1e9af9ef456ab76b5e30d4f34853d7ea5527fa384f867d4214789f,584,13,28,AST and structural risk scan,
tests/lava/magma/compiler/channels/__init__.py,11 Tests and tutorials,0,e3b0c44298fc1c149afbf4c8996fb92427ae41e4649b934ca495991b7852b855,0,0,0,AST and structural risk scan,
tests/lava/magma/compiler/channels/test_pypychannel.py,11 Tests and tutorials,5130,8b77ca57d2609bdc1beba4a641c7c54b611b043490def02fbfc61b1636cb2904,182,4,11,AST and structural risk scan,
tests/lava/magma/compiler/subcompilers/__init__.py,11 Tests and tutorials,113,91dc7ecf4ff247641296eabcd0bee6e96b258ff28b3b00eac3642d346ba12d60,3,0,0,AST and structural risk scan,
tests/lava/magma/compiler/subcompilers/py/__init__.py,11 Tests and tutorials,113,91dc7ecf4ff247641296eabcd0bee6e96b258ff28b3b00eac3642d346ba12d60,3,0,0,AST and structural risk scan,
tests/lava/magma/compiler/subcompilers/py/test_pyproc_compiler.py,11 Tests and tutorials,8975,f8c068d018802342c17783bf92b2aec769d1652e452573b3ef27fa7358a3d358,236,8,10,AST and structural risk scan,
tests/lava/magma/compiler/subcompilers/test_channel_builders_factory.py,11 Tests and tutorials,18475,64865835ac15bf1236870d982205027a9cdab873da616522c1d6ec6d1052de80,483,14,29,AST and structural risk scan,
tests/lava/magma/compiler/subcompilers/test_channel_map_updater.py,11 Tests and tutorials,3741,8a37dfc3e1bc9f369547fe7996ba2aff7ed3ae6d88c928b19e228ee6b194b743,96,2,9,AST and structural risk scan,
tests/lava/magma/compiler/test_channel_builder.py,11 Tests and tutorials,2314,1f3e2a0341006c44d892611687182d8fa8c39fcd99d4dc28a016b89aea6b1af0,72,2,3,AST and structural risk scan,
tests/lava/magma/compiler/test_channel_map.py,11 Tests and tutorials,5366,95263644a04e708a11565768f1426f3a702ee313426f347cfdee66f0a50b71e7,142,5,13,AST and structural risk scan,
tests/lava/magma/compiler/test_compiler.py,11 Tests and tutorials,30788,46fa4e383c98d1ec8408be176618da6d2110d481498a4da08a4ab774e3bfe674,801,14,38,AST and structural risk scan,
tests/lava/magma/compiler/test_node.py,11 Tests and tutorials,2038,217a7c9255af89c9d74fc228fbb1418b6cbadb02acfc6f376c1f39a6604d2601,58,2,2,AST and structural risk scan,
tests/lava/magma/core/__init__.py,11 Tests and tutorials,0,e3b0c44298fc1c149afbf4c8996fb92427ae41e4649b934ca495991b7852b855,0,0,0,AST and structural risk scan,
tests/lava/magma/core/learning/__init__.py,11 Tests and tutorials,0,e3b0c44298fc1c149afbf4c8996fb92427ae41e4649b934ca495991b7852b855,0,0,0,AST and structural risk scan,
tests/lava/magma/core/learning/test_learning_rule.py,11 Tests and tutorials,49958,4d57f841e27c72223ca4c9fe82e6bede8aa5ab88d9e6b6e32774ad3bf52eb70d,1711,1,36,AST and structural risk scan,
tests/lava/magma/core/learning/test_learning_rule_applier.py,11 Tests and tutorials,5470,7ed87af87d1f4121d392e530fa2e42342a0cee9db0c27a457820f5afcf40a145,140,2,2,AST and structural risk scan,
tests/lava/magma/core/learning/test_product_series.py,11 Tests and tutorials,12737,39fd320f542513393078190d7241a737893addb5edad7fd6686324c0557cef75,338,3,18,AST and structural risk scan,
tests/lava/magma/core/learning/test_random.py,11 Tests and tutorials,1886,9ff5f919db7a8cd449ea9b97b56bc613617ef894fb36b107f3f1aec49a3da1d0,56,2,4,AST and structural risk scan,
tests/lava/magma/core/learning/test_symbolic_equation.py,11 Tests and tutorials,18180,7a931eafbc7fbbc2884c7dd2f56197e816d813871d40adf4b61ada46b8522d76,550,12,32,AST and structural risk scan,
tests/lava/magma/core/learning/test_utils.py,11 Tests and tutorials,2230,0e6a59bf85487adaedec01fddcf890fe22737263d157eaa4f3a59e8daa63c471,62,1,4,AST and structural risk scan,
tests/lava/magma/core/model/__init__.py,11 Tests and tutorials,0,e3b0c44298fc1c149afbf4c8996fb92427ae41e4649b934ca495991b7852b855,0,0,0,AST and structural risk scan,
tests/lava/magma/core/model/py/__init__.py,11 Tests and tutorials,0,e3b0c44298fc1c149afbf4c8996fb92427ae41e4649b934ca495991b7852b855,0,0,0,AST and structural risk scan,
tests/lava/magma/core/model/py/test_model.py,11 Tests and tutorials,5850,3c97208f4a3d4f38866eba385ee02a4a0b7a07dabf5ec252f920a8ebb61ea63e,156,2,5,AST and structural risk scan,
tests/lava/magma/core/model/py/test_ports.py,11 Tests and tutorials,6898,0c58408445252128fe0c864a2580bbeb5a213408b378b67bf6078140de26c65e,201,5,18,AST and structural risk scan,
tests/lava/magma/core/model/test_decorators.py,11 Tests and tutorials,9326,d2ee25a40dd6e49737986c2acfed78c25d00042694efb007cbf3db1d2636b6fe,262,31,23,AST and structural risk scan,
tests/lava/magma/core/model/test_sub_model.py,11 Tests and tutorials,1552,0d5f4a721408b9f81ab30843b9aa27eeb0c0d2b62e1e53ffe6d7014ae4103469,54,5,4,AST and structural risk scan,
tests/lava/magma/core/process/__init__.py,11 Tests and tutorials,0,e3b0c44298fc1c149afbf4c8996fb92427ae41e4649b934ca495991b7852b855,0,0,0,AST and structural risk scan,
tests/lava/magma/core/process/ports/__init__.py,11 Tests and tutorials,0,e3b0c44298fc1c149afbf4c8996fb92427ae41e4649b934ca495991b7852b855,0,0,0,AST and structural risk scan,
tests/lava/magma/core/process/ports/test_ports.py,11 Tests and tutorials,21782,fa0c2b7e4147ffef828edda13e161da73a850622b1d2c602b7488eae9cfab2b8,589,6,29,AST and structural risk scan,
tests/lava/magma/core/process/ports/test_virtual_ports_in_process.py,11 Tests and tutorials,34907,86f81b158c125d8ca60e1fd4308d17f4ec6bc898f46a1cb9de3ad59574bbb414,936,29,50,AST and structural risk scan,
tests/lava/magma/core/process/test_lif_dense_lif.py,11 Tests and tutorials,1327,f4565896f52907f120e4796cba97d7c3e68b19394af7346af61231524a50e203,39,2,3,AST and structural risk scan,
tests/lava/magma/core/process/test_process.py,11 Tests and tutorials,13934,440077edb892a437d21786e1594a3eb7beeed5ca0dc9a39d9e395b6bbd1fc83e,378,11,25,AST and structural risk scan,
tests/lava/magma/core/process/test_variable.py,11 Tests and tutorials,4635,6c699632d948c170709012a851276cb6e4ecb9294632f58aa05646d17168b87e,123,5,8,AST and structural risk scan,
tests/lava/magma/runtime/__init__.py,11 Tests and tutorials,0,e3b0c44298fc1c149afbf4c8996fb92427ae41e4649b934ca495991b7852b855,0,0,0,AST and structural risk scan,
tests/lava/magma/runtime/test_async_protocol.py,11 Tests and tutorials,3607,21a3f5ca0e542d7995a7b7e3c79ee69967bf1da7df15712226b3cfd2f117ded9,110,5,8,AST and structural risk scan,
tests/lava/magma/runtime/test_connection_config.py,11 Tests and tutorials,6117,f9f4d6ae22bee73543bb156343402b7632fa0c1661beecfb1004a9a010fc939b,181,9,9,AST and structural risk scan; focused review with cited finding,F08
tests/lava/magma/runtime/test_context_manager.py,11 Tests and tutorials,5783,08072a907a5d8fd4c3531dbd997d63c32f83bc9aa3eb8f1406ed3c66ac6f168b,163,5,10,AST and structural risk scan,
tests/lava/magma/runtime/test_exception_handling.py,11 Tests and tutorials,5174,a08f21f013c8f1254272455dd5cbf27b3e4bb059fd02f44b583fed78864d2954,159,7,9,AST and structural risk scan; focused review with cited finding,F31
tests/lava/magma/runtime/test_external_pipe_io.py,11 Tests and tutorials,3545,e0fb0807eda20369d83f6cb44a16ebef539b33ad3354c7db64201a52121ed9f5,96,3,6,AST and structural risk scan,
tests/lava/magma/runtime/test_get_set_non_determinism.py,11 Tests and tutorials,2038,ea88a8e53ebc703336f6670db311f7a14e754c377404b760f04699a4afa555c2,62,3,3,AST and structural risk scan,
tests/lava/magma/runtime/test_get_set_var.py,11 Tests and tutorials,7469,fe6e2cc175361a649123bf02f958b620ae4c268a9b2506ec872ecb28cdfcadc4,173,4,7,AST and structural risk scan,
tests/lava/magma/runtime/test_io_ports.py,11 Tests and tutorials,12167,4aa7de95c30f194fcb1d23ab664f81555e9e41d906fe2d92031d96181bbd7eb4,327,11,19,AST and structural risk scan,
tests/lava/magma/runtime/test_leakage.py,11 Tests and tutorials,1216,b1a0daf5f7204e2bda7a029d0d6dadaee7f0bc35df441aa874c252a463748877,42,1,2,AST and structural risk scan; focused review with cited finding,F04 F31
tests/lava/magma/runtime/test_loihi_protocol.py,11 Tests and tutorials,2238,199f82505079e9e8b6a7bb6185c77b2ec5a989d6a156a40d1f7772b84e03338f,70,4,7,AST and structural risk scan,
tests/lava/magma/runtime/test_loihi_with_async_protocol.py,11 Tests and tutorials,3672,325f7b08b5cc845c9e1593b0d61a062c468fec835791d5d59e23be28f3c5aaac,108,7,7,AST and structural risk scan,
tests/lava/magma/runtime/test_pause_requested_from_model.py,11 Tests and tutorials,6682,9e4ee2c2c54dd08bf0bd575080772d65b1675f40c0e300cf5a42c88af4c2aaf2,218,14,19,AST and structural risk scan,
tests/lava/magma/runtime/test_ref_var_ports.py,11 Tests and tutorials,14794,54188c69d0c1f982c1eccd952c16a564cdf27feb606e3ab7f814c73fdb6a42e8,387,15,23,AST and structural risk scan,
tests/lava/magma/runtime/test_run_continuously_and_pause.py,11 Tests and tutorials,3822,73219f85b38835799b9364bdfd590829a384a0f9a3bc852530712500c3b62d3a,110,4,7,AST and structural risk scan,
tests/lava/magma/runtime/test_runtime.py,11 Tests and tutorials,3389,48fd7e30f251d81c8a3e3a64bb193d31308aa333af286b9eb6c406599abf551d,80,1,2,AST and structural risk scan,
tests/lava/magma/runtime/test_runtime_service.py,11 Tests and tutorials,2903,fe9e65f2ebd15799be68ecb8518e82916d5bd8941e44e0c8d56a2f515d3ea57d,95,6,7,AST and structural risk scan,
tests/lava/networks/__init__.py,11 Tests and tutorials,0,e3b0c44298fc1c149afbf4c8996fb92427ae41e4649b934ca495991b7852b855,0,0,0,AST and structural risk scan,
tests/lava/networks/test_networks.py,11 Tests and tutorials,873,db0d1f906237470dc11912e400c17ef5bf98c0494287b986fcae08a9237134e7,28,1,1,AST and structural risk scan,
tests/lava/proc/__init__.py,11 Tests and tutorials,0,e3b0c44298fc1c149afbf4c8996fb92427ae41e4649b934ca495991b7852b855,0,0,0,AST and structural risk scan,
tests/lava/proc/atrlif/__init__.py,11 Tests and tutorials,0,e3b0c44298fc1c149afbf4c8996fb92427ae41e4649b934ca495991b7852b855,0,0,0,AST and structural risk scan,
tests/lava/proc/atrlif/test_models.py,11 Tests and tutorials,31208,2514b6eb245b42c9534e1c72781894a758d0194d3baa519b7a138a9e57f8af62,696,9,19,AST and structural risk scan,
tests/lava/proc/atrlif/test_process.py,11 Tests and tutorials,1459,7c153eaaf27241811cce933b8ca13d4aff373ec587fd0678ddce9e9fab27bbe9,43,1,1,AST and structural risk scan,
tests/lava/proc/bit_check/__init__.py,11 Tests and tutorials,0,e3b0c44298fc1c149afbf4c8996fb92427ae41e4649b934ca495991b7852b855,0,0,0,AST and structural risk scan,
tests/lava/proc/bit_check/test_models.py,11 Tests and tutorials,5730,673e1dcfdc4d5aaf3defc4f29f10434eae97e94d8ad6ca145fc7e4519e949c67,174,2,6,AST and structural risk scan,
tests/lava/proc/bit_check/test_process.py,11 Tests and tutorials,1648,92891aeff26d2e199aadb7649b04a043f083d268f4dd4c57ec88ae4a14dc2189,46,1,2,AST and structural risk scan,
tests/lava/proc/clp/__init__.py,11 Tests and tutorials,0,e3b0c44298fc1c149afbf4c8996fb92427ae41e4649b934ca495991b7852b855,0,0,0,AST and structural risk scan,
tests/lava/proc/clp/integration/__init__.py,11 Tests and tutorials,0,e3b0c44298fc1c149afbf4c8996fb92427ae41e4649b934ca495991b7852b855,0,0,0,AST and structural risk scan,
tests/lava/proc/clp/integration/test_clp_one_shot.py,11 Tests and tutorials,21963,fa982f2b438686609dbb216cb8992a3d0edb0e0385f15ebf62b979da08023089,597,2,7,AST and structural risk scan,
tests/lava/proc/clp/novelty_detector/__init__.py,11 Tests and tutorials,0,e3b0c44298fc1c149afbf4c8996fb92427ae41e4649b934ca495991b7852b855,0,0,0,AST and structural risk scan,
tests/lava/proc/clp/novelty_detector/test_models.py,11 Tests and tutorials,4075,dc1a62f4e039ca42e921bcaab2a71a2d8f7051a20c82931def7d9494d3aa9ce1,127,1,3,AST and structural risk scan,
tests/lava/proc/clp/nsm/__init__.py,11 Tests and tutorials,0,e3b0c44298fc1c149afbf4c8996fb92427ae41e4649b934ca495991b7852b855,0,0,0,AST and structural risk scan,
tests/lava/proc/clp/nsm/test_nsm.py,11 Tests and tutorials,7818,fc2c4afef8e899d5c9984452af33c193842db6aa0ed07392d6f110c53fd44e9e,236,2,5,AST and structural risk scan,
tests/lava/proc/clp/prototype_lif/__init__.py,11 Tests and tutorials,0,e3b0c44298fc1c149afbf4c8996fb92427ae41e4649b934ca495991b7852b855,0,0,0,AST and structural risk scan,
tests/lava/proc/clp/prototype_lif/test_models.py,11 Tests and tutorials,8495,849d241c1761a53a22b01c908ef0c154203259ae5bc36c2b5355f254d6ffff4a,244,1,4,AST and structural risk scan,
tests/lava/proc/conv/__init__.py,11 Tests and tutorials,0,e3b0c44298fc1c149afbf4c8996fb92427ae41e4649b934ca495991b7852b855,0,0,0,AST and structural risk scan,
tests/lava/proc/conv/ground_truth/gt_conv_paris_0.npz,11 Tests and tutorials,559366,d3d6e3a865f1d4e31dff1d3938bc08d0798ec96dd3634bbed0c75be9cde0e6e2,0,0,0,inventory and content classification,
tests/lava/proc/conv/ground_truth/gt_conv_paris_1.npz,11 Tests and tutorials,590766,e800d7c87adc22eca79a107265c8de2bceffb7a057eb16d99c3ecee95636a787,0,0,0,inventory and content classification,
tests/lava/proc/conv/ground_truth/gt_conv_paris_2.npz,11 Tests and tutorials,956638,8a385e3ceb0752726bdeec55e2a64348448f1fc26ab630040b0d847210d17528,0,0,0,inventory and content classification,
tests/lava/proc/conv/ground_truth/gt_conv_paris_3.npz,11 Tests and tutorials,68302,36b639a06d68024eac6cdc5fbda009f1b6954aba96d29a495baab69ecfd36da5,0,0,0,inventory and content classification,
tests/lava/proc/conv/ground_truth/gt_conv_paris_4.npz,11 Tests and tutorials,185142,81cc314b9b593204dea9ab8f898726051fe7ee37976250b4f6080244fe1f4399,0,0,0,inventory and content classification,
tests/lava/proc/conv/ground_truth/gt_conv_paris_5.npz,11 Tests and tutorials,409190,8621ed2cf9558312701f95e8bd9b28a8d80e138b346f7a8435977523a3429b48,0,0,0,inventory and content classification,
tests/lava/proc/conv/ground_truth/gt_conv_paris_6.npz,11 Tests and tutorials,1888366,5ea29bb732703da388f32c909fd3602f7a32b023100279536fe7f5e76b6d2c45,0,0,0,inventory and content classification,
tests/lava/proc/conv/ground_truth/gt_conv_paris_7.npz,11 Tests and tutorials,1790434,4ebc82c4d2f630899371e10931b65d56bf92286798c331e1a295b2cabfdf38f6,0,0,0,inventory and content classification,
tests/lava/proc/conv/ground_truth/gt_conv_paris_8.npz,11 Tests and tutorials,714214,a557e78d9f2570e9dec2e29220e5e111db3f79cdf8e7687e01529493f5ca4dfd,0,0,0,inventory and content classification,
tests/lava/proc/conv/ground_truth/gt_conv_paris_9.npz,11 Tests and tutorials,670702,6d6d6ccd18b72d80d322177c3d1e3e591c850f0ca0bbdfdc24226c238d7d32e6,0,0,0,inventory and content classification,
tests/lava/proc/conv/test_process.py,11 Tests and tutorials,999,37b67c9bd8bb16484ee1f3b19c03429940a92b4d861ad31d3c0e3457459128e1,29,1,1,AST and structural risk scan,
tests/lava/proc/conv/test_utils.py,11 Tests and tutorials,7354,1062ba7d54217e5fb1adf9d957b775f6ee540bbd3ffcc8054ea7e670958c824c,166,1,3,AST and structural risk scan,
tests/lava/proc/conv_in_time/__init__.py,11 Tests and tutorials,0,e3b0c44298fc1c149afbf4c8996fb92427ae41e4649b934ca495991b7852b855,0,0,0,AST and structural risk scan,
tests/lava/proc/conv_in_time/gts/q_weights.npy,11 Tests and tutorials,368,f78fb71a436122ae8bfccf4f0e13ce081758b5069029dc725c5291bef23f9872,0,0,0,inventory and content classification,
tests/lava/proc/conv_in_time/gts/spike_input.npy,11 Tests and tutorials,288,c1121fc20bb641224327eaec7eb25719cd27a4186ad5b1afb307aadcf7778582,0,0,0,inventory and content classification,
tests/lava/proc/conv_in_time/gts/torch_output.npy,11 Tests and tutorials,288,8de545175d4d511091d54b13cf0b1ed82b97104591d8b89596dd2a3069a509c4,0,0,0,inventory and content classification,
tests/lava/proc/conv_in_time/test_process.py,11 Tests and tutorials,3035,45702d017cbeecf36441ba97b542df5e6c62dd7c33febf74f881fd583808908d,80,1,1,AST and structural risk scan,
tests/lava/proc/dense/__init__.py,11 Tests and tutorials,0,e3b0c44298fc1c149afbf4c8996fb92427ae41e4649b934ca495991b7852b855,0,0,0,AST and structural risk scan,
tests/lava/proc/dense/test_learning.py,11 Tests and tutorials,53114,33b59ddbd650e2f8bcde8e7451ef5cee938ece3d86510b37e2a0c42b2be32776,1198,2,28,AST and structural risk scan; focused review with cited finding,F31
tests/lava/proc/dense/test_models.py,11 Tests and tutorials,48157,84eab18d0d85a2f4dae3d8830755d9be1832d1afaadba903432a345436f5a98e,1060,10,30,AST and structural risk scan,
tests/lava/proc/dense/test_process.py,11 Tests and tutorials,3666,fdda2f3f960e44d81adb47551c99f9c9bc11a85010b08029e3c6b241cad89e41,103,3,6,AST and structural risk scan,
tests/lava/proc/dense/test_stdp_sim.py,11 Tests and tutorials,24791,04a306f0790c09b1da2aec8f792d893688ca35da961e11396f0d0bcd3c7bd99e,790,7,21,AST and structural risk scan,
tests/lava/proc/graded/test_graded.py,11 Tests and tutorials,12108,fff083e1bed6ab923963a71b43769a916f39ec04c1acd0ba0cd0243e24d4ab5a,361,4,7,AST and structural risk scan,
tests/lava/proc/io/__init__.py,11 Tests and tutorials,0,e3b0c44298fc1c149afbf4c8996fb92427ae41e4649b934ca495991b7852b855,0,0,0,AST and structural risk scan,
tests/lava/proc/io/test_dataloader.py,11 Tests and tutorials,7315,cdaffe77223984ba98459954370e8e7b6fb7f90ef863f43f3ecc6439d5630237,218,7,13,AST and structural risk scan,
tests/lava/proc/io/test_extractor.py,11 Tests and tutorials,35019,1468f32ddc46b1d9ea583c3dd117b1a2a96ee2070b009966bd85f32be51a7471,927,6,38,AST and structural risk scan,
tests/lava/proc/io/test_injector.py,11 Tests and tutorials,20719,f4f64fff2bacbcf0c60a13b59dcbb4da8ec0bbf98b3a4f42c864add9c20a6c5c,544,4,22,AST and structural risk scan,
tests/lava/proc/io/test_source_sink.py,11 Tests and tutorials,2008,d4e8ea3eef9a77a71e5a2257d646a172db639611c9c096174ddfb830adee013c,60,2,3,AST and structural risk scan,
tests/lava/proc/lif/__init__.py,11 Tests and tutorials,0,e3b0c44298fc1c149afbf4c8996fb92427ae41e4649b934ca495991b7852b855,0,0,0,AST and structural risk scan,
tests/lava/proc/lif/test_models.py,11 Tests and tutorials,39864,da380066065ed38061af9186a67f49d0817ea7bf49e947a27bb4f5a1fde78b97,862,13,26,AST and structural risk scan,
tests/lava/proc/lif/test_process.py,11 Tests and tutorials,2213,e677ed799b2b2dd8ef3da450b19e95f41db3f51d351b555205c073090f534034,58,2,3,AST and structural risk scan,
tests/lava/proc/monitor/__init__.py,11 Tests and tutorials,0,e3b0c44298fc1c149afbf4c8996fb92427ae41e4649b934ca495991b7852b855,0,0,0,AST and structural risk scan,
tests/lava/proc/monitor/test_monitors.py,11 Tests and tutorials,12959,901d9c2a2ac5bec3c70ecddfbc62a4e5e761e114da3cc97dc942d907a9e9d8f3,347,3,16,AST and structural risk scan,
tests/lava/proc/prodneuron/__init__.py,11 Tests and tutorials,0,e3b0c44298fc1c149afbf4c8996fb92427ae41e4649b934ca495991b7852b855,0,0,0,AST and structural risk scan,
tests/lava/proc/prodneuron/test_prod_neuron.py,11 Tests and tutorials,2371,3d302ea25c6c66ff748ad9c3d7c040f3e391e9d1a1c41995ca848d62607d930c,79,1,1,AST and structural risk scan,
tests/lava/proc/resfire/__init__.py,11 Tests and tutorials,0,e3b0c44298fc1c149afbf4c8996fb92427ae41e4649b934ca495991b7852b855,0,0,0,AST and structural risk scan,
tests/lava/proc/resfire/test_resfire.py,11 Tests and tutorials,2274,46ddc246ee11f4ca5bec66508c5d552cbc11d0911fafb66017c2111d76266c2b,84,1,1,AST and structural risk scan,
tests/lava/proc/rf/__init__.py,11 Tests and tutorials,0,e3b0c44298fc1c149afbf4c8996fb92427ae41e4649b934ca495991b7852b855,0,0,0,AST and structural risk scan,
tests/lava/proc/rf/test_models.py,11 Tests and tutorials,9377,d98ebc6da3f66fef3d1afd22a25a780959b98ce67cb4b1a4fde71f80fe195499,268,1,8,AST and structural risk scan,
tests/lava/proc/rf/test_process.py,11 Tests and tutorials,868,9fb78641b6b4db5d6ee59ca07eb6e4a5deac60dfa2c0e827574a0d1172d178f3,28,1,1,AST and structural risk scan,
tests/lava/proc/rf_iz/__init__.py,11 Tests and tutorials,0,e3b0c44298fc1c149afbf4c8996fb92427ae41e4649b934ca495991b7852b855,0,0,0,AST and structural risk scan,
tests/lava/proc/rf_iz/test_models.py,11 Tests and tutorials,3575,166c9fdca294e60644cb164b37cb03e07878b87f6db8635bd225ed50529fe57c,98,1,3,AST and structural risk scan,
tests/lava/proc/rf_iz/test_process.py,11 Tests and tutorials,901,c15e85ef5785edb0ef73cddbe17f81054d85ad08d5ea257f54c766b921995ccd,28,1,1,AST and structural risk scan,
tests/lava/proc/s4d/dA_complex.npy,11 Tests and tutorials,80128,342546700242502415e6c81e2b620c915250f56447b7d46eb56feec9e0bb1629,0,0,0,inventory and content classification,
tests/lava/proc/s4d/dB_complex.npy,11 Tests and tutorials,80128,1195dc519e74ffe535918b6112a080e7b0458d61189c9a8e51cf3ea30edd8ec9,0,0,0,inventory and content classification,
tests/lava/proc/s4d/dC_complex.npy,11 Tests and tutorials,80128,7db2dbb793555e0836e557db355d2f6861b32a92b431443bf4c102e4626bf473,0,0,0,inventory and content classification,
tests/lava/proc/s4d/s4d_A.dat.npy,11 Tests and tutorials,5248,9e4c9f5f11d3139b86ccdfe3d8e2179566dc8ac8da31a4a23951dba174425663,0,0,0,inventory and content classification,
tests/lava/proc/s4d/s4d_B.dat.npy,11 Tests and tutorials,5248,4b67f99c0a172c862abfc65b3aabeba9bc91fe1f2254d0df066d19c9b3e3b8fe,0,0,0,inventory and content classification,
tests/lava/proc/s4d/s4d_C.dat.npy,11 Tests and tutorials,5248,055720b65a2eb0bf0043989b1a078cc028f7a105a0cb394ba03cdbf3adac8ac1,0,0,0,inventory and content classification,
tests/lava/proc/s4d/test_models.py,11 Tests and tutorials,11178,1b54d6392ba2dcbbaea5fd08c60d6b0e89d258aabbdcc7cc9bae4a19d539d204,281,2,10,AST and structural risk scan,
tests/lava/proc/s4d/test_process.py,11 Tests and tutorials,4235,cc03f50f70499e9c589fae0982ee4bab33d56fad98eec465a3092bc515f1e55c,110,3,3,AST and structural risk scan,
tests/lava/proc/s4d/utils.py,11 Tests and tutorials,3071,eb120ecdb431c888d8fe3e6b3cfbf71cc7bcfddb7715bf54a76d1c5daf9dce7f,96,0,2,AST and structural risk scan,
tests/lava/proc/sdn/__init__.py,11 Tests and tutorials,0,e3b0c44298fc1c149afbf4c8996fb92427ae41e4649b934ca495991b7852b855,0,0,0,AST and structural risk scan,
tests/lava/proc/sdn/test_models.py,11 Tests and tutorials,7832,50e870998fe507d2c5f0e888e1f3da3066fb540e1c4a9e17866c97d6535a01b9,262,2,10,AST and structural risk scan,
tests/lava/proc/sdn/test_process.py,11 Tests and tutorials,1457,71f2ac6f36b3d59b5dc7da2cce42c3841872353d8d3658a6c9bc8c4c2d43c28c,42,3,3,AST and structural risk scan,
tests/lava/proc/sparse/__init__.py,11 Tests and tutorials,0,e3b0c44298fc1c149afbf4c8996fb92427ae41e4649b934ca495991b7852b855,0,0,0,AST and structural risk scan,
tests/lava/proc/sparse/test_models.py,11 Tests and tutorials,57407,7f31801df7c4197b92208d316e10f7052bf7bdc8d70baefe88b2f4b6ca451416,1452,11,37,AST and structural risk scan,
tests/lava/proc/sparse/test_process.py,11 Tests and tutorials,5004,7a5ec5ded880aeb3d1b962e37d0c955f89f2709852bc990934443fa70ec67136,176,4,9,AST and structural risk scan,
tests/lava/proc/spiker/__init__.py,11 Tests and tutorials,0,e3b0c44298fc1c149afbf4c8996fb92427ae41e4649b934ca495991b7852b855,0,0,0,AST and structural risk scan,
tests/lava/proc/spiker/test_models.py,11 Tests and tutorials,1696,a69cb436173f431dfcd3966a131015efe6ad5d6cc03dfcdc828822f4a4686be2,44,1,2,AST and structural risk scan,
tests/lava/test_utils/__init__.py,11 Tests and tutorials,0,e3b0c44298fc1c149afbf4c8996fb92427ae41e4649b934ca495991b7852b855,0,0,0,AST and structural risk scan,
tests/lava/test_utils/utils.py,11 Tests and tutorials,1547,7829d1baf1e4564f3bde96f12799a9a1b561e59ac78c9c0ddf2b37367ff27696,54,1,2,AST and structural risk scan,
tests/lava/tutorials/__init__.py,11 Tests and tutorials,0,e3b0c44298fc1c149afbf4c8996fb92427ae41e4649b934ca495991b7852b855,0,0,0,AST and structural risk scan,
tests/lava/tutorials/test_tutorials-lva.py,11 Tests and tutorials,6600,f67ba1611a093a909e6bae2eff023e0e81bd86fd75e115d1aa03a92748ddeaab,222,1,9,AST and structural risk scan,
tests/lava/tutorials/test_tutorials.py,11 Tests and tutorials,10084,cd3ec1df708c3ff12c490522f759de985f02da6bed4eb0f6e1528504c41ea57a,302,1,22,AST and structural risk scan; focused review with cited finding,F30
tests/lava/utils/__init__.py,11 Tests and tutorials,0,e3b0c44298fc1c149afbf4c8996fb92427ae41e4649b934ca495991b7852b855,0,0,0,AST and structural risk scan,
tests/lava/utils/test_loihi.py,11 Tests and tutorials,7293,0010ad0b707906e46003fb1ea4988fecab51e1cb701dfa66c8c4fd52868c55ae,198,3,14,AST and structural risk scan,
tests/lava/utils/test_plots.py,11 Tests and tutorials,2160,c9e5ea974ae77e817092168502899a18830b1102ea95ee3926ca0e5ecb5e87d0,70,1,6,AST and structural risk scan,
tests/lava/utils/test_serialization.py,11 Tests and tutorials,6046,cbd7ad99f66fab29815c2bca27a845bfeda582517cf2800a109c42792009dad3,177,3,7,AST and structural risk scan,
tests/lava/utils/test_slurm.py,11 Tests and tutorials,11140,31232b9c668636ea01b5922b3e281fec2db7f6a76ec72ef37eeff28d1f49a68d,321,11,27,AST and structural risk scan,
tests/lava/utils/test_weightutils.py,11 Tests and tutorials,15761,6290a07020fb363c38af1f95836ab9f56cd981b1faa82691eda014a3de291150,413,4,42,AST and structural risk scan,
tutorials/LICENSE,11 Tests and tutorials,1525,2fc72aaf20ab062a8f6686da676f75dad6d4927b3bc2bb234b32612bd89861c5,29,0,0,inventory and content classification,
tutorials/end_to_end/convert_params.py,11 Tests and tutorials,10009,cecb42dd4411f2828f35c0643f4605c0698dfa303d33195d012362dbe4f8f944,341,0,9,AST and structural risk scan,
tutorials/end_to_end/mnist_pretrained.npy,11 Tests and tutorials,220767,94f32a3ae7f8dd278cc8933b214642f246ffd859a129d19130ac88208f35c9d6,0,0,0,inventory and content classification,
tutorials/end_to_end/tutorial00_tour_through_lava.ipynb,11 Tests and tutorials,274771,24f0f2ca0ac67a0580d31c6fd0f63df18a6c118baf754d6e06b27a17c590b8e6,892,0,0,notebook JSON and cell source inventory; not executed,
tutorials/end_to_end/tutorial01_mnist_digit_classification.ipynb,11 Tests and tutorials,23948,579264077a0aeba2b727bba7e2854bff78b62b1869b1b52b2517f04aced338ea,595,0,0,notebook JSON and cell source inventory; not executed,
tutorials/end_to_end/tutorial02_excitatory_inhibitory_network.ipynb,11 Tests and tutorials,1170553,19b1260978b01c73b84086dce846225b00edcec07564fe09af22fc743836ed6e,1888,0,0,notebook JSON and cell source inventory; not executed,
tutorials/in_depth/clp/clp.py,11 Tests and tutorials,12378,45e679f3d26041ed0b5853d8facf17272d1df28c1360c9b11654b6ec2afebcb2,314,1,4,AST and structural risk scan,
tutorials/in_depth/clp/datasets/coil_100_features/coil_100_features_effnet.npy,11 Tests and tutorials,36921856,1b199af5866e7210448f40c3f25a46d9babae3e8772996eefe44dfd53abf7348,0,0,0,inventory and content classification,
tutorials/in_depth/clp/tutorial01_one-shot_learning_with_novelty_detection.ipynb,11 Tests and tutorials,281809,b389214f33b676c90aa22990ab82480f57075d2691f7d366cae56b77d6843001,1026,0,0,notebook JSON and cell source inventory; not executed,
tutorials/in_depth/clp/tutorial02_clp_on_coil100.ipynb,11 Tests and tutorials,953784,d765cd4733bc748d30e1796cd8a7ede613f30c0f39ce54ce80e6e946d25ac47f,1394,0,0,notebook JSON and cell source inventory; not executed,
tutorials/in_depth/clp/utils.py,11 Tests and tutorials,12397,0176cf01bd86f15bd9380b5c6adc6fa1a35131272e7c71f5d843b3575df27436,380,1,11,AST and structural risk scan,
tutorials/in_depth/three_factor_learning/tutorial01_Reward_Modulated_STDP.ipynb,11 Tests and tutorials,566145,8b85b7c1e024ea8a898cf4818b4af2a10192d5b65272094cde55a5ffc16d9534,824,0,0,notebook JSON and cell source inventory; not executed,
tutorials/in_depth/three_factor_learning/utils.py,11 Tests and tutorials,9676,647bf93ea94763696d845fb752723ffe7cda8b2ff5b1f0c4069f3aaea032155a,306,3,16,AST and structural risk scan,
tutorials/in_depth/tutorial01_installing_lava.ipynb,11 Tests and tutorials,6552,6f5c786e901aa50c21f17dcccb2903706007b4681a7bf2401db65c5035e8c20d,190,0,0,notebook JSON and cell source inventory; not executed,
tutorials/in_depth/tutorial02_processes.ipynb,11 Tests and tutorials,16399,4df531ceaef1936eb65704ea5e153e4c19f241c1a93b2d9c8df2924c8448e2c9,412,0,0,notebook JSON and cell source inventory; not executed,
tutorials/in_depth/tutorial03_process_models.ipynb,11 Tests and tutorials,15539,c81dfac895269b9ae007343bbe01942e0d7b1c6e153a713350fb565d449c63e0,315,0,0,notebook JSON and cell source inventory; not executed,
tutorials/in_depth/tutorial04_execution.ipynb,11 Tests and tutorials,14366,d42bb2995b14b62d8862ea2145a9a845ec211dd808e36f584da3fe757542f878,446,0,0,notebook JSON and cell source inventory; not executed,
tutorials/in_depth/tutorial05_connect_processes.ipynb,11 Tests and tutorials,13442,eac01a985abeb639dca0fef1c6b1938002d6c2e6b1195f08eb3e4a81fe37d4ab,410,0,0,notebook JSON and cell source inventory; not executed,
tutorials/in_depth/tutorial06_hierarchical_processes.ipynb,11 Tests and tutorials,21815,c8df6aee94c27ac679e2930c043d3e02d233214a9a02839c37776c02981d9073,524,0,0,notebook JSON and cell source inventory; not executed,
tutorials/in_depth/tutorial07_remote_memory_access.ipynb,11 Tests and tutorials,12809,30e80b9e7ee257d269b5f54a8e917c92e5e91a1f53833241d0c646f50a8ee795,319,0,0,notebook JSON and cell source inventory; not executed,
tutorials/in_depth/tutorial08_stdp.ipynb,11 Tests and tutorials,73297,11247dddc71eb4992547b2012d2bb75123bb09903ddbb7d621b8b15363df8d70,693,0,0,notebook JSON and cell source inventory; not executed,
tutorials/in_depth/tutorial09_custom_learning_rules.ipynb,11 Tests and tutorials,137711,58b8fa06f69e8b3759d82134693b8db8dc00838d7148213a9d4df089090e5571,841,0,0,notebook JSON and cell source inventory; not executed,
tutorials/in_depth/tutorial10_sigma_delta_neurons.ipynb,11 Tests and tutorials,223616,ff29010fb085be15f76a47c81cdb2ed69706c3256fc2703133abe9693a3cb23f,411,0,0,notebook JSON and cell source inventory; not executed,
tutorials/in_depth/tutorial11_serialization.ipynb,11 Tests and tutorials,9974,ab0a6995b5666667c9e6bd5844bae71f0f8a6f83d5f73df9d1ebed3ec9a6372e,292,0,0,notebook JSON and cell source inventory; not executed,
tutorials/in_depth/tutorial12_adaptive_neurons.ipynb,11 Tests and tutorials,186512,a7ea7da0cd8d4b8e12166fc60190857da3f1db5d628a73a5b815daddd9df012b,329,0,0,notebook JSON and cell source inventory; not executed,
tutorials/lava_va/Tutorial01-Fixed_point_dot_product.ipynb,11 Tests and tutorials,16866,4b4e60799f1ac6ce22227476bd6c2b76c20f8e9fb8c26c0b27ea79b6c2d8a1d4,672,0,0,notebook JSON and cell source inventory; not executed,
tutorials/lava_va/Tutorial02-Fixed_point_elementwise_product.ipynb,11 Tests and tutorials,8241,f28aa38ef171bf5287d5af2fa7fbfec31e16a349407da17ab02e95959b922cd6,361,0,0,notebook JSON and cell source inventory; not executed,
tutorials/lava_va/Tutorial03-Normalization_network.ipynb,11 Tests and tutorials,81765,a0170dc442e486909fb796ab6cbcb8b0113a66bbbb5f9bf339f842c87e2f7280,319,0,0,notebook JSON and cell source inventory; not executed,
tutorials/lava_va/Tutorial04-Creating_network_motifs.ipynb,11 Tests and tutorials,27497,09888dde5717f90bd80ff7196f33ef5f0044bda32be93da71d733f3098f0d032,293,0,0,notebook JSON and cell source inventory; not executed,
utils/githook/fix-whitespace.sh,01 Packaging and identity,1033,06858294183958f90cc003ad41fbbee9105904a0dbd1308b3c73bde20ae24365,25,0,0,inventory and content classification,
utils/githook/install-hook.sh,01 Packaging and identity,127,d2d740d8cb359e9a812a9ee4e1df01380f0f5c97fc659eb329f250b6443a149e,4,0,0,inventory and content classification,
utils/githook/run-lint-flake.sh,01 Packaging and identity,122,f9f4686bf657cd1c9b4e2566a86bf966691a859dcc82603f413ded611b6853bd,8,0,0,inventory and content classification,
utils/githook/run-pre-commit.sh,01 Packaging and identity,228,992b0986e3079a930e08cf9616af2352257b5875f95b4d87e46dfe95840d3411,8,0,0,inventory and content classification,
utils/githook/run-pytest.sh,01 Packaging and identity,698,3ffa39f6e107b35d956017f5b67a8c8ea92206885be5b213222a8941821d56d9,23,0,0,inventory and content classification,
